classroom,09:00,09:30,10:00,10:30,11:00,11:30,12:00,12:30,13:00,13:30,14:00,14:30,15:00,15:30,16:00,16:30,17:00,17:30
room 1,31,31,31,31,54,54,54,54,54,54,54,54,54,54,54,54,680,680
room 2,44,44,44,44,44,44,44,44,44,44,1,1,1,1,1,1,714,714
room 3,58,58,58,2,2,2,2,2,7,7,25,25,25,25,25,25,25,
room 4,61,61,61,16,16,16,16,16,32,32,32,32,32,198,895,895,895,895
room 5,62,17,17,17,17,10,10,10,10,10,10,10,10,10,10,10,10,10
room 6,66,66,66,66,66,66,66,66,66,66,66,66,66,66,66,66,66,
room 7,74,74,74,74,74,74,74,74,74,74,74,74,74,74,74,74,724,724
room 8,100,100,100,38,38,38,38,38,38,38,38,38,38,38,38,38,38,38
room 9,103,103,103,103,103,103,13,4,4,4,4,21,21,21,912,912,805,805
room 10,114,114,114,114,114,114,114,114,114,114,114,114,114,114,114,114,807,807
room 11,120,120,120,120,120,120,33,60,60,12,12,12,12,12,12,12,12,
room 12,121,121,121,121,121,121,121,121,121,121,121,24,24,24,24,24,811,811
room 13,123,123,123,123,123,37,37,37,37,37,35,35,35,35,35,35,819,819
room 14,126,126,126,42,42,42,42,76,76,76,76,76,76,76,76,76,76,
room 15,131,131,131,131,131,131,131,131,131,131,131,131,131,207,207,207,207,207
room 16,147,147,147,147,91,91,91,91,91,91,91,91,91,91,91,3,3,3
room 17,159,159,159,159,159,159,159,159,159,15,95,28,28,28,28,28,28,28
room 18,164,164,164,164,164,164,164,164,164,164,164,36,36,36,36,11,11,11
room 19,170,170,170,170,170,170,34,34,34,20,20,59,59,59,59,29,29,29
room 20,189,189,189,47,47,47,48,48,48,48,48,48,48,48,48,48,820,820
room 21,190,190,190,190,190,190,72,72,72,72,102,102,109,109,109,109,109,109
room 22,194,194,194,194,194,194,194,194,194,194,194,194,119,226,226,226,840,840
room 23,210,210,210,210,210,45,45,45,45,45,136,136,127,127,127,127,127,
room 24,211,211,211,211,211,211,211,211,211,211,211,211,211,211,211,30,30,
room 25,213,213,213,213,213,213,213,213,213,213,213,213,213,213,213,43,43,
room 26,223,223,223,223,223,223,223,223,223,223,223,223,139,241,241,241,241,241
room 27,233,233,233,233,233,233,233,233,233,233,233,233,233,233,233,46,46,
room 28,260,260,260,260,260,260,260,260,260,260,260,260,260,252,252,252,252,
room 29,273,273,273,273,273,273,82,82,82,82,82,82,82,82,82,82,82,
room 30,279,279,279,279,279,279,101,101,101,101,101,101,144,330,330,161,161,161
room 31,286,286,286,49,49,49,49,49,49,49,49,49,49,49,49,171,171,
room 32,308,308,308,308,308,308,308,308,308,308,308,308,308,308,308,308,841,841
room 33,316,316,316,316,316,316,316,316,316,316,316,316,316,316,316,220,220,220
room 34,324,324,324,324,324,324,324,324,324,26,26,26,26,26,26,250,250,
room 35,325,325,325,325,325,325,124,124,124,124,124,124,124,124,124,124,124,124
room 36,334,334,334,334,334,334,334,334,334,334,334,334,199,199,199,199,199,199
room 37,345,345,345,345,345,345,345,345,345,345,345,345,345,341,341,293,293,293
room 38,415,415,415,415,415,415,415,415,415,415,415,64,64,64,64,64,876,876
room 39,421,421,421,421,421,421,421,421,421,421,421,421,421,421,421,305,305,
room 40,424,424,424,424,424,424,424,424,424,424,424,424,201,201,201,307,307,307
room 41,433,433,433,433,433,433,433,433,433,433,433,433,433,352,352,352,352,352
room 42,443,443,443,443,443,443,443,443,443,71,71,71,71,390,390,390,877,877
room 43,444,444,444,444,444,444,444,444,444,444,138,138,231,231,231,313,313,
room 44,460,460,460,460,460,460,460,460,460,81,184,68,68,68,68,68,893,893
room 45,466,466,466,466,466,466,466,466,466,466,466,129,129,129,129,129,129,129
room 46,473,473,473,473,473,473,473,473,473,473,473,473,473,473,473,473,473,473
room 47,484,484,484,484,484,484,484,484,484,484,185,185,185,393,393,393,897,897
room 48,501,501,501,501,501,501,125,125,125,86,86,86,86,86,86,86,86,86
room 49,504,504,504,504,504,504,504,504,504,504,208,208,208,208,208,208,208,
room 50,505,505,505,505,505,505,505,505,50,50,50,50,283,283,283,326,326,326
room 51,508,508,508,508,508,508,508,508,508,508,508,508,508,508,508,508,508,508
room 52,515,515,515,515,515,515,515,515,515,515,515,515,515,394,394,394,394,
room 53,516,516,516,516,106,106,106,106,106,106,106,106,106,106,106,106,106,
room 54,545,22,22,22,132,132,132,132,132,132,132,132,132,132,132,132,909,909
room 55,553,553,553,553,553,553,553,553,553,553,553,553,287,400,400,400,918,918
room 56,575,575,575,575,575,575,575,575,575,575,575,575,409,409,409,409,409,
room 57,576,576,576,576,576,576,576,576,576,576,576,576,576,576,576,576,576,576
room 58,579,579,579,579,579,579,579,579,579,579,579,579,579,579,579,579,579,579
room 59,606,606,606,606,606,606,606,606,606,606,606,606,416,426,426,426,426,
room 60,630,630,630,630,630,630,145,83,83,83,83,83,83,83,83,342,342,
room 61,632,632,632,632,632,632,632,632,632,632,632,632,632,632,632,632,632,
room 62,633,633,633,633,151,151,151,151,151,151,151,151,151,151,151,151,921,921
room 63,641,40,40,40,40,40,148,148,148,148,148,148,148,148,148,343,343,343
room 64,642,642,642,642,642,642,642,642,642,642,642,642,642,642,642,353,353,353
room 65,648,648,648,648,648,648,648,648,648,648,648,135,135,135,135,135,135,
room 66,650,650,650,650,650,650,650,650,650,650,650,650,650,478,478,478,478,478
room 67,651,651,651,651,651,651,651,651,651,651,651,651,651,651,651,651,651,
room 68,667,667,667,667,667,667,667,667,667,667,667,667,667,667,667,667,992,992
room 69,669,669,669,669,669,669,669,669,669,669,669,669,669,497,497,497,,
room 70,678,678,678,52,52,52,52,52,52,52,52,52,52,52,52,361,361,361
room 71,684,684,684,684,684,684,684,684,684,684,684,684,422,513,513,364,364,364
room 72,701,701,701,701,701,701,701,701,701,701,701,701,701,701,701,701,701,701
room 73,707,707,707,707,707,707,707,707,707,707,707,707,707,526,526,526,,
room 74,711,711,711,711,711,711,711,711,711,711,711,711,711,546,546,546,546,546
room 75,729,729,729,729,729,729,729,729,729,729,729,729,729,550,550,389,389,
room 76,733,733,733,733,733,67,67,67,67,67,67,67,67,551,551,551,,
room 77,735,735,735,735,735,735,735,735,735,735,735,735,735,735,735,735,,
room 78,745,745,745,745,745,745,745,745,745,745,745,745,745,745,745,745,745,745
room 79,746,746,746,746,157,157,157,157,157,157,215,141,141,141,141,417,417,417
room 80,753,753,753,69,69,69,69,69,69,104,104,104,425,425,425,425,,
room 81,771,53,53,53,53,53,53,53,53,53,53,53,53,53,53,53,53,
room 82,796,796,796,796,796,796,796,796,796,796,796,796,796,558,558,558,558,
room 83,826,826,826,826,826,80,80,80,77,77,77,77,77,77,77,77,77,
room 84,838,838,838,838,838,838,838,838,838,838,838,838,838,838,838,838,838,
room 85,842,842,842,842,842,842,842,842,842,842,842,842,842,842,842,419,419,
room 86,847,847,847,847,847,847,847,847,847,847,847,847,847,847,847,847,,
room 87,861,861,861,861,861,861,861,861,861,861,861,861,861,861,861,861,861,861
room 88,896,896,896,896,896,896,896,93,93,93,242,242,436,436,436,429,429,429
room 89,901,901,901,901,901,901,901,901,901,901,901,901,901,901,901,432,432,432
room 90,914,914,914,914,914,914,914,914,914,914,248,248,248,248,248,248,248,
room 91,919,919,919,919,919,919,919,919,919,118,118,118,442,442,442,442,,
room 92,931,931,931,931,931,931,931,931,931,931,931,931,453,453,453,453,,
room 93,934,934,934,934,934,934,934,934,934,934,934,934,934,561,561,561,,
room 94,946,946,946,75,75,75,75,75,75,75,75,75,456,612,612,439,439,439
room 95,949,949,949,949,949,949,949,949,949,949,257,155,155,155,155,457,457,457
room 96,954,954,954,954,954,954,954,954,954,954,954,954,954,954,954,954,954,
room 97,981,981,981,981,981,981,981,981,981,981,981,981,981,617,617,617,617,617
room 98,997,997,997,997,997,997,997,997,997,997,997,997,507,625,625,625,625,
room 99,998,998,998,998,998,998,998,998,998,998,998,998,998,998,998,998,998,998
room 100,,56,56,56,56,56,56,97,97,97,97,167,167,167,167,458,458,
room 101,,110,110,110,110,110,110,110,89,89,89,89,89,89,89,89,89,89
room 102,,117,117,117,117,117,117,117,117,117,117,117,117,117,117,527,527,
room 103,,122,122,78,78,78,78,78,78,78,78,78,78,78,78,540,540,540
room 104,,160,160,160,160,160,160,160,160,160,160,160,512,512,512,512,512,
room 105,,172,172,172,172,172,172,172,172,172,172,192,192,192,192,192,192,
room 106,,195,195,195,195,195,195,195,195,195,195,195,195,654,654,654,654,
room 107,,196,196,196,196,196,196,196,196,196,196,209,209,209,209,573,573,
room 108,,204,204,204,204,204,204,204,204,204,204,225,225,225,225,225,225,
room 109,,205,205,205,205,205,205,205,205,205,205,205,205,697,697,578,578,
room 110,,236,236,236,236,236,236,236,236,236,236,237,519,519,519,519,,
room 111,,240,240,240,240,240,240,240,240,240,240,240,240,240,240,240,240,
room 112,,261,261,261,261,261,261,99,99,99,99,99,99,99,99,99,,
room 113,,265,265,265,265,265,265,113,113,113,113,239,239,239,239,239,239,239
room 114,,303,303,303,303,303,303,303,303,303,303,303,303,303,303,303,303,303
room 115,,312,312,312,312,312,312,312,312,312,312,312,312,312,312,312,,
room 116,,333,333,333,333,333,333,333,333,137,137,137,137,137,137,137,,
room 117,,336,336,336,336,336,336,336,336,336,336,336,336,712,712,712,712,
room 118,,379,379,379,379,379,379,379,90,90,90,270,521,715,715,715,,
room 119,,405,405,405,405,405,405,405,96,96,96,96,96,96,96,96,96,
room 120,,410,410,410,410,410,410,410,410,410,264,264,264,264,264,264,264,264
room 121,,420,420,420,420,420,420,420,420,420,420,420,539,539,539,590,590,590
room 122,,431,431,431,168,168,168,168,168,168,168,168,168,168,168,168,168,168
room 123,,450,450,450,450,450,450,450,450,450,450,450,542,542,542,542,542,542
room 124,,468,468,468,468,468,468,468,468,468,274,274,274,274,274,609,609,
room 125,,476,476,476,476,476,476,476,476,476,476,476,476,749,749,749,749,749
room 126,,488,488,488,488,488,488,488,488,488,488,488,488,488,488,613,613,
room 127,,498,498,498,498,88,88,88,88,149,149,149,149,149,149,638,638,638
room 128,,517,517,517,517,517,517,517,517,517,517,517,517,517,517,517,,
room 129,,555,555,555,555,555,555,555,115,115,115,115,115,115,115,115,115,
room 130,,570,570,570,570,570,570,570,570,570,570,570,570,765,765,765,,
room 131,,583,583,583,583,583,583,583,583,583,583,583,583,783,783,783,783,783
room 132,,594,594,594,594,594,594,594,594,594,594,594,594,594,594,649,649,649
room 133,,607,607,607,607,607,158,158,158,158,158,158,158,158,158,158,,
room 134,,627,627,627,627,627,627,627,627,627,627,627,627,627,627,627,,
room 135,,647,647,647,647,647,647,647,647,647,281,281,281,818,818,818,,
room 136,,668,668,668,668,668,668,668,140,140,140,140,566,837,837,656,656,
room 137,,694,694,694,694,694,694,694,694,694,694,694,584,584,584,584,584,584
room 138,,695,695,695,173,173,173,173,173,150,150,150,150,150,150,660,660,660
room 139,,698,698,698,698,698,698,698,698,698,698,278,278,278,278,278,278,
room 140,,717,717,717,717,717,717,717,146,146,146,146,146,146,146,146,,
room 141,,738,738,738,738,738,175,175,175,175,175,294,294,294,294,294,,
room 142,,742,742,742,742,742,742,742,742,742,742,742,742,742,742,742,742,
room 143,,763,763,763,214,214,214,214,214,214,214,214,214,214,214,664,664,664
room 144,,786,786,786,786,92,92,92,92,92,306,306,306,870,870,870,,
room 145,,790,790,790,790,790,790,790,156,156,156,156,591,591,591,591,591,591
room 146,,799,799,799,799,799,799,799,799,799,315,315,315,315,315,676,676,
room 147,,829,829,829,829,829,829,829,829,829,829,829,829,829,829,681,681,
room 148,,834,834,834,834,834,834,834,834,834,834,834,834,834,834,834,834,834
room 149,,869,869,869,869,869,869,869,869,869,869,296,296,882,882,882,882,
room 150,,885,885,885,885,885,885,885,885,885,885,885,885,885,885,885,885,
room 151,,915,915,915,915,915,181,181,178,178,178,178,178,178,178,691,691,691
room 152,,924,924,924,263,263,263,263,263,263,263,263,263,263,263,263,263,
room 153,,925,925,925,925,925,925,925,925,925,925,925,925,925,925,925,925,925
room 154,,926,926,926,926,926,926,926,926,926,926,926,926,926,926,926,,
room 155,,942,942,942,942,942,942,942,942,942,942,942,942,884,884,730,730,730
room 156,,947,947,947,947,947,947,947,947,947,947,947,600,600,600,600,600,
room 157,,,,0,0,0,0,0,0,0,0,0,0,0,0,0,0,0
room 158,,,,87,87,87,87,87,87,87,87,87,629,922,922,922,,
room 159,,,,112,112,112,112,112,112,112,112,112,112,112,112,112,,
room 160,,,,130,130,130,130,130,130,130,130,299,299,299,299,731,731,731
room 161,,,,154,154,154,154,154,154,154,154,304,304,304,304,304,,
room 162,,,,165,165,165,165,165,165,165,165,165,165,165,165,165,165,165
room 163,,,,166,166,166,166,166,166,166,166,166,166,166,166,166,166,
room 164,,,,176,176,176,176,176,176,176,176,176,176,176,176,176,176,
room 165,,,,245,245,245,245,245,245,245,245,245,245,929,929,766,766,
room 166,,,,271,271,271,271,271,271,271,271,271,634,634,634,788,788,788
room 167,,,,346,346,346,346,346,346,346,346,346,346,346,346,346,346,346
room 168,,,,347,347,347,347,347,347,347,321,321,321,321,321,321,321,
room 169,,,,349,349,349,349,349,349,349,349,349,349,349,349,349,349,
room 170,,,,363,363,363,200,200,200,200,200,200,643,643,643,643,643,
room 171,,,,377,377,377,377,128,128,128,335,335,662,662,662,662,,
room 172,,,,395,395,395,395,395,395,395,395,395,395,395,395,395,,
room 173,,,,423,423,423,423,423,423,423,423,310,310,310,310,310,310,
room 174,,,,427,427,427,427,427,427,427,427,427,427,427,427,427,427,427
room 175,,,,454,454,454,454,454,454,454,454,454,454,454,454,454,454,
room 176,,,,462,462,462,462,462,462,462,462,462,462,462,462,798,798,
room 177,,,,475,475,475,475,475,475,475,475,475,475,475,475,475,,
room 178,,,,491,491,491,491,491,491,491,491,317,317,317,317,317,317,317
room 179,,,,494,494,494,494,197,179,179,179,179,179,953,953,953,,
room 180,,,,514,514,514,514,514,514,514,514,382,382,382,382,382,382,
room 181,,,,626,269,269,269,212,212,212,212,386,386,386,386,801,801,801
room 182,,,,655,655,655,655,655,655,655,655,655,655,655,655,655,,
room 183,,,,675,675,675,675,675,675,675,675,675,675,675,675,675,675,675
room 184,,,,679,679,679,679,679,183,183,350,392,392,392,392,831,831,831
room 185,,,,685,685,685,685,217,217,217,217,217,217,217,217,217,217,217
room 186,,,,703,703,703,703,230,230,230,230,230,230,230,230,230,230,230
room 187,,,,721,721,721,721,721,721,153,153,153,153,970,970,871,871,871
room 188,,,,723,723,723,723,723,723,180,180,180,180,180,180,180,,
room 189,,,,757,757,757,757,757,757,757,757,757,757,757,757,886,886,
room 190,,,,770,770,770,770,770,770,191,365,365,365,365,365,365,365,365
room 191,,,,782,782,782,782,782,782,782,782,782,782,782,65,65,65,65
room 192,,,,827,827,827,827,827,827,827,827,827,827,827,827,827,827,
room 193,,,,836,836,836,836,836,836,836,366,366,366,366,366,366,,
room 194,,,,854,854,854,854,854,854,854,854,854,854,854,854,854,854,854
room 195,,,,866,866,866,866,866,866,866,866,866,866,866,866,866,866,866
room 196,,,,923,923,923,923,923,923,923,923,923,923,923,923,888,888,888
room 197,,,,943,943,943,943,234,234,234,369,369,369,369,369,369,369,369
room 198,,,,952,952,952,952,952,952,952,952,952,952,952,952,892,892,
room 199,,,,961,961,94,94,94,94,94,94,94,673,673,673,673,,
room 200,,,,963,963,963,963,963,963,963,963,963,963,963,963,963,963,
room 201,,,,965,965,965,965,965,203,203,203,203,203,203,85,85,85,
room 202,,,,975,975,98,98,98,98,98,98,402,402,402,402,402,,
room 203,,,,,289,289,289,238,238,238,238,238,238,238,238,238,,
room 204,,,,,300,105,105,105,105,105,105,105,105,105,105,105,,
room 205,,,,,314,142,142,142,235,235,235,235,235,235,235,235,235,235
room 206,,,,,320,320,206,206,206,206,206,206,206,206,134,134,134,
room 207,,,,,359,359,216,216,216,216,375,375,375,375,375,964,964,964
room 208,,,,,360,219,219,219,219,219,219,219,219,219,219,971,971,
room 209,,,,,371,371,371,371,255,255,255,255,255,255,255,255,,
room 210,,,,,380,380,380,380,380,380,380,380,380,380,380,380,380,380
room 211,,,,,406,406,406,406,406,406,406,406,406,406,406,406,406,406
room 212,,,,,418,418,418,418,418,418,418,418,677,677,152,152,152,
room 213,,,,,438,222,222,222,222,222,222,222,222,222,222,222,,
room 214,,,,,446,446,446,446,446,446,446,446,446,446,446,980,980,980
room 215,,,,,487,224,224,266,266,266,266,266,266,266,266,266,266,
room 216,,,,,502,502,502,290,290,290,290,290,290,290,290,,6,6
room 217,,,,,520,520,520,520,520,520,385,449,449,449,449,,8,8
room 218,,,,,529,529,529,529,529,529,529,529,529,529,187,187,187,187
room 219,,,,,535,535,535,535,535,535,535,535,535,535,188,188,,
room 220,,,,,538,243,243,243,243,243,243,243,243,243,243,243,243,
room 221,,,,,544,544,544,301,301,301,301,301,301,301,218,218,218,218
room 222,,,,,548,548,249,249,249,249,249,249,249,249,249,249,,
room 223,,,,,549,549,549,549,549,549,549,459,459,459,459,459,459,
room 224,,,,,552,552,552,552,552,552,552,552,552,552,552,552,552,
room 225,,,,,556,556,556,556,556,556,396,396,396,396,232,232,,
room 226,,,,,567,567,567,567,567,202,202,202,202,202,202,202,202,202
room 227,,,,,574,574,574,328,267,267,267,267,267,267,267,267,,
room 228,,,,,593,593,593,593,593,593,404,404,404,404,404,,9,9
room 229,,,,,611,611,611,611,268,268,268,268,268,268,268,268,268,
room 230,,,,,631,631,631,631,631,631,631,631,631,631,631,631,631,631
room 231,,,,,639,639,639,639,639,639,639,639,639,639,639,639,,
room 232,,,,,657,657,657,657,657,657,657,657,657,657,256,256,256,256
room 233,,,,,665,665,665,665,665,665,665,665,683,683,683,683,683,
room 234,,,,,670,670,670,670,670,670,670,670,670,670,670,670,670,670
room 235,,,,,700,700,700,700,700,700,700,700,700,700,700,700,700,
room 236,,,,,716,716,716,716,716,716,716,483,483,483,258,258,258,258
room 237,,,,,747,284,284,340,340,340,340,340,340,340,340,340,,
room 238,,,,,750,750,750,750,750,750,750,750,750,750,276,276,276,
room 239,,,,,756,756,756,756,756,756,756,756,756,756,756,756,,
room 240,,,,,772,772,772,772,772,772,772,772,772,772,309,309,309,309
room 241,,,,,785,285,251,251,251,251,407,492,492,492,492,492,492,
room 242,,,,,802,298,298,344,344,344,344,344,737,737,737,737,,
room 243,,,,,821,821,821,821,821,821,821,821,821,821,821,821,821,
room 244,,,,,828,318,318,318,318,318,318,318,318,318,318,,23,23
room 245,,,,,839,839,839,839,839,839,839,839,748,748,748,748,,
room 246,,,,,858,858,858,858,351,351,351,351,351,351,351,351,351,351
room 247,,,,,864,864,864,864,864,864,428,509,509,509,322,322,,
room 248,,,,,867,867,867,368,368,368,368,368,368,368,327,327,,
room 249,,,,,878,878,878,878,878,878,878,878,878,878,878,878,878,
room 250,,,,,887,887,887,887,887,887,887,887,887,887,887,887,887,
room 251,,,,,891,891,891,891,891,221,221,221,221,221,221,,41,41
room 252,,,,,935,935,253,381,381,381,381,381,381,381,381,381,,
room 253,,,,,936,936,936,936,936,936,936,936,936,936,936,936,,
room 254,,,,,937,937,937,937,937,937,937,937,937,937,937,937,937,937
room 255,,,,,958,958,958,958,958,958,958,958,958,958,958,,51,51
room 256,,,,,960,960,960,960,354,228,228,228,228,228,228,228,228,228
room 257,,,,,969,319,319,319,319,319,319,319,319,319,319,,63,63
room 258,,,,,987,987,987,987,987,987,987,987,754,754,754,754,,
room 259,,,,,990,990,990,990,990,990,990,990,990,990,990,990,,
room 260,,,,,,323,323,323,388,388,388,388,388,388,332,332,332,
room 261,,,,,,331,331,331,331,331,331,331,331,331,331,,70,70
room 262,,,,,,339,339,339,339,339,339,339,762,762,762,762,762,
room 263,,,,,,355,355,355,355,355,355,355,355,355,355,355,355,355
room 264,,,,,,358,358,358,358,358,358,358,358,358,358,358,358,358
room 265,,,,,,374,374,374,374,374,374,374,777,777,777,777,777,777
room 266,,,,,,414,254,254,254,244,244,244,244,244,244,244,244,244
room 267,,,,,,445,445,445,445,259,259,518,518,518,518,518,518,
room 268,,,,,,474,474,474,474,474,474,474,474,474,474,474,474,474
room 269,,,,,,479,479,479,479,479,479,479,479,479,479,479,479,479
room 270,,,,,,506,506,398,398,398,448,448,448,448,448,,84,84
room 271,,,,,,524,524,524,524,524,524,524,784,784,784,784,784,784
room 272,,,,,,530,530,530,530,530,530,530,530,530,530,530,530,530
room 273,,,,,,533,533,533,533,533,533,533,533,533,533,,108,108
room 274,,,,,,599,599,599,599,599,463,463,814,814,356,356,356,
room 275,,,,,,608,608,608,608,608,608,608,608,608,608,608,608,608
room 276,,,,,,610,272,272,272,272,272,272,815,815,815,815,815,
room 277,,,,,,720,720,720,720,720,720,720,720,720,720,720,720,
room 278,,,,,,734,734,411,411,411,411,411,411,411,373,373,373,373
room 279,,,,,,768,768,768,768,768,768,768,768,768,768,,116,116
room 280,,,,,,778,778,778,778,778,778,778,778,778,778,778,778,778
room 281,,,,,,795,795,795,795,795,795,795,824,824,824,824,824,824
room 282,,,,,,797,797,797,399,399,399,399,399,399,399,399,,
room 283,,,,,,800,800,800,412,412,412,412,412,412,412,412,412,412
room 284,,,,,,804,804,804,804,804,467,467,467,467,467,467,467,
room 285,,,,,,813,813,813,477,477,477,477,477,477,477,477,,
room 286,,,,,,850,850,850,850,850,850,850,850,850,850,850,850,850
room 287,,,,,,873,873,873,482,482,482,482,482,482,391,391,391,
room 288,,,,,,879,879,879,879,879,879,879,879,879,879,,143,143
room 289,,,,,,962,962,962,962,962,962,962,962,962,962,,162,162
room 290,,,,,,978,978,430,430,430,430,577,577,577,577,577,577,577
room 291,,,,,,,277,447,447,447,447,447,447,447,447,447,447,447
room 292,,,,,,,280,280,280,280,280,280,280,280,280,,163,163
room 293,,,,,,,282,282,282,282,282,282,282,282,282,,169,169
room 294,,,,,,,288,472,472,472,472,581,581,581,581,581,581,581
room 295,,,,,,,295,295,295,295,295,295,295,295,401,401,401,
room 296,,,,,,,297,297,485,485,485,485,485,485,485,485,485,485
room 297,,,,,,,302,302,302,302,302,587,587,587,587,587,,
room 298,,,,,,,384,384,384,384,384,384,835,835,403,403,403,403
room 299,,,,,,,451,451,451,451,451,451,451,451,451,451,451,
room 300,,,,,,,452,452,493,262,262,262,262,262,408,408,408,408
room 301,,,,,,,455,455,541,275,275,275,275,275,275,275,275,
room 302,,,,,,,464,464,464,464,464,464,464,464,413,413,,
room 303,,,,,,,469,469,469,469,469,469,852,852,435,435,,
room 304,,,,,,,481,486,486,486,486,486,486,486,486,486,486,
room 305,,,,,,,523,523,523,523,523,523,853,853,853,,182,182
room 306,,,,,,,528,531,531,531,499,499,499,499,499,499,499,499
room 307,,,,,,,532,532,532,311,500,500,500,500,500,,227,227
room 308,,,,,,,562,559,559,559,559,559,559,559,559,559,559,
room 309,,,,,,,572,572,572,572,572,572,572,572,572,572,,
room 310,,,,,,,596,596,596,596,596,596,596,596,596,,229,229
room 311,,,,,,,602,602,602,602,602,624,624,624,437,437,437,
room 312,,,,,,,614,614,580,580,580,580,580,580,489,489,489,
room 313,,,,,,,622,622,582,582,582,582,582,582,582,582,,
room 314,,,,,,,645,595,595,595,595,595,595,595,595,595,,
room 315,,,,,,,653,653,653,337,337,337,875,875,875,875,875,
room 316,,,,,,,682,682,682,682,682,682,682,682,682,682,,
room 317,,,,,,,690,690,690,338,338,338,338,338,338,338,338,338
room 318,,,,,,,699,699,699,699,699,699,699,699,699,699,,
room 319,,,,,,,708,708,708,708,708,708,708,708,495,495,495,
room 320,,,,,,,740,740,740,740,740,740,740,740,740,740,740,
room 321,,,,,,,751,751,751,751,751,751,883,883,883,883,,
room 322,,,,,,,760,760,760,760,760,760,903,903,903,903,903,
room 323,,,,,,,776,776,776,776,503,503,503,503,503,,246,246
room 324,,,,,,,781,781,616,616,616,652,652,652,652,652,652,
room 325,,,,,,,791,791,791,791,791,791,791,791,511,511,,
room 326,,,,,,,803,601,601,601,601,601,928,928,928,928,928,
room 327,,,,,,,806,806,806,806,525,525,525,525,525,,247,247
room 328,,,,,,,810,810,810,810,810,810,810,810,810,810,,
room 329,,,,,,,822,822,822,822,822,822,822,822,822,,291,291
room 330,,,,,,,823,823,823,823,823,823,823,823,823,,292,292
room 331,,,,,,,843,843,843,843,843,843,843,843,843,843,843,
room 332,,,,,,,865,865,865,865,865,865,865,865,537,537,,
room 333,,,,,,,890,890,890,890,890,890,890,890,890,890,890,
room 334,,,,,,,910,910,910,910,910,910,910,910,910,910,910,
room 335,,,,,,,933,933,933,933,933,933,933,933,933,933,933,
room 336,,,,,,,944,944,635,635,635,663,663,663,663,,329,329
room 337,,,,,,,950,950,705,705,705,705,705,705,543,543,,
room 338,,,,,,,977,977,977,357,357,357,357,357,357,357,357,
room 339,,,,,,,979,979,979,979,979,979,957,957,957,957,,
room 340,,,,,,,983,983,983,983,983,983,983,983,983,,348,348
room 341,,,,,,,984,984,984,984,984,984,984,984,984,,367,367
room 342,,,,,,,994,994,994,994,994,994,994,994,994,994,994,994
room 343,,,,,,,999,999,999,999,547,739,739,739,565,565,565,
room 344,,,,,,,,615,615,615,615,774,774,774,774,774,,
room 345,,,,,,,,618,618,618,618,618,618,618,618,618,618,
room 346,,,,,,,,619,619,619,619,619,619,619,597,597,597,
room 347,,,,,,,,640,640,640,640,640,640,640,640,640,640,640
room 348,,,,,,,,644,644,644,644,644,644,644,604,604,604,
room 349,,,,,,,,658,658,658,658,658,658,658,620,620,,
room 350,,,,,,,,666,709,709,709,709,709,709,709,709,,
room 351,,,,,,,,671,671,671,671,671,671,671,671,,376,376
room 352,,,,,,,,692,692,692,564,564,564,564,564,,378,378
room 353,,,,,,,,693,693,693,693,693,985,985,985,985,985,985
room 354,,,,,,,,706,706,706,706,779,779,779,779,779,779,779
room 355,,,,,,,,727,710,710,710,710,710,710,710,710,,
room 356,,,,,,,,773,773,773,773,773,773,27,27,27,27,
room 357,,,,,,,,775,775,775,775,775,775,775,775,775,775,
room 358,,,,,,,,780,780,780,780,780,780,780,780,780,780,780
room 359,,,,,,,,793,793,793,793,793,793,793,793,793,793,793
room 360,,,,,,,,833,718,718,718,718,718,718,718,,387,387
room 361,,,,,,,,846,846,362,362,794,794,794,794,794,794,
room 362,,,,,,,,856,856,856,856,809,809,809,809,809,809,809
room 363,,,,,,,,900,900,370,370,370,370,370,370,,397,397
room 364,,,,,,,,911,726,726,726,726,726,726,726,726,,
room 365,,,,,,,,939,939,939,939,939,939,939,939,939,,
room 366,,,,,,,,941,941,941,941,845,845,845,845,845,845,
room 367,,,,,,,,951,951,951,568,859,859,859,859,859,,
room 368,,,,,,,,976,976,976,976,976,976,976,628,628,,
room 369,,,,,,,,995,995,995,995,995,995,995,995,995,995,
room 370,,,,,,,,,728,728,728,728,728,57,57,57,57,57
room 371,,,,,,,,,736,736,598,598,598,73,73,73,73,
room 372,,,,,,,,,741,741,741,741,741,741,741,741,741,
room 373,,,,,,,,,755,755,755,755,755,755,755,755,755,755
room 374,,,,,,,,,758,758,758,758,758,79,79,79,79,79
room 375,,,,,,,,,761,761,761,761,761,761,761,,441,441
room 376,,,,,,,,,767,767,659,659,659,111,111,,465,465
room 377,,,,,,,,,808,808,661,661,661,661,661,661,661,661
room 378,,,,,,,,,848,372,372,372,372,133,133,133,133,133
room 379,,,,,,,,,849,849,849,849,849,849,636,636,,
room 380,,,,,,,,,857,857,857,857,857,857,857,857,857,857
room 381,,,,,,,,,862,862,862,863,863,863,863,863,863,
room 382,,,,,,,,,868,868,696,881,881,881,881,881,,
room 383,,,,,,,,,894,894,894,894,894,894,894,894,,
room 384,,,,,,,,,906,906,906,889,889,889,672,672,672,
room 385,,,,,,,,,907,907,907,907,907,174,174,174,174,
room 386,,,,,,,,,916,383,383,383,383,177,177,177,177,
room 387,,,,,,,,,955,955,955,955,955,955,686,686,686,686
room 388,,,,,,,,,956,956,725,725,725,725,725,725,725,
room 389,,,,,,,,,968,968,968,902,902,902,902,902,,
room 390,,,,,,,,,973,973,973,973,973,973,973,973,973,973
room 391,,,,,,,,,,440,440,440,440,440,440,,471,471
room 392,,,,,,,,,,461,461,917,917,917,917,917,917,917
room 393,,,,,,,,,,470,470,470,470,470,470,470,470,
room 394,,,,,,,,,,490,743,743,743,743,702,702,702,
room 395,,,,,,,,,,536,536,536,536,536,713,713,713,713
room 396,,,,,,,,,,554,554,554,554,554,554,,480,480
room 397,,,,,,,,,,557,557,557,557,557,719,719,719,
room 398,,,,,,,,,,563,563,563,563,563,563,563,563,
room 399,,,,,,,,,,569,569,569,569,569,569,,496,496
room 400,,,,,,,,,,585,585,585,585,585,722,722,722,
room 401,,,,,,,,,,586,586,586,586,586,732,732,732,732
room 402,,,,,,,,,,588,588,588,588,588,588,588,588,588
room 403,,,,,,,,,,592,592,592,592,592,769,769,,
room 404,,,,,,,,,,603,603,603,603,603,787,787,787,787
room 405,,,,,,,,,,687,687,687,687,687,687,687,,
room 406,,,,,,,,,,688,688,688,688,688,688,688,,
room 407,,,,,,,,,,689,689,967,967,967,967,967,967,
room 408,,,,,,,,,,704,704,993,993,993,993,993,,
room 409,,,,,,,,,,759,752,752,752,186,186,186,186,
room 410,,,,,,,,,,792,792,792,792,792,825,825,,
room 411,,,,,,,,,,816,816,816,816,816,816,816,816,816
room 412,,,,,,,,,,817,817,996,996,996,996,996,,
room 413,,,,,,,,,,851,851,851,851,851,851,,510,510
room 414,,,,,,,,,,860,860,860,860,860,860,860,860,860
room 415,,,,,,,,,,908,908,908,908,908,830,830,,
room 416,,,,,,,,,,913,764,764,5,5,5,,522,522
room 417,,,,,,,,,,920,789,789,789,789,789,789,789,789
room 418,,,,,,,,,,930,930,930,930,930,930,,534,534
room 419,,,,,,,,,,938,938,938,938,938,938,,589,589
room 420,,,,,,,,,,940,940,940,18,18,18,,605,605
room 421,,,,,,,,,,948,812,812,812,812,812,812,,
room 422,,,,,,,,,,959,959,959,959,959,959,959,959,959
room 423,,,,,,,,,,982,982,982,982,982,982,982,982,982
room 424,,,,,,,,,,986,986,986,986,986,986,986,986,
room 425,,,,,,,,,,,844,844,844,844,832,832,,
room 426,,,,,,,,,,,872,872,872,872,872,872,,
room 427,,,,,,,,,,,880,880,880,880,880,880,880,
room 428,,,,,,,,,,,898,898,898,898,898,,623,623
room 429,,,,,,,,,,,899,899,899,899,899,899,899,
room 430,,,,,,,,,,,904,904,904,904,904,,637,637
room 431,,,,,,,,,,,905,905,905,193,193,,646,646
room 432,,,,,,,,,,,927,927,927,927,927,927,927,
room 433,,,,,,,,,,,932,932,932,932,932,,674,674
room 434,,,,,,,,,,,945,945,19,19,855,855,,
room 435,,,,,,,,,,,966,966,966,966,966,966,,
room 436,,,,,,,,,,,972,972,107,107,874,874,,
room 437,,,,,,,,,,,974,974,974,974,974,974,974,974
room 438,,,,,,,,,,,989,989,989,989,989,989,,
